Id,Zone,Task operation,Duration,Resources,Craft,Construciton order
0.0,z0,Gypsum,3,2,Carpenter,
1.0,z0,Structural Foundation,8,2,Electrician,0.0
2.0,z0,Interior Walls,9,2,Electrician,1.0
3.0,z0,Electricity,6,1,Concrete,2.0
4.0,z0,Structural Walls,5,3,Concrete,3.0
5.0,z0,Structural Walls,1,2,Electrician,4.0
6.0,z0,Electricity,4,1,Electrician,5.0
7.0,z0,Structural Walls,4,1,Painter,6.0
8.0,z0,Floor,4,2,Electrician,7.0
9.0,z0,Piping,5,3,VVS,8.0
10.0,z0,Interior Walls,5,2,VVS,9.0
11.0,z0,Sewage,5,3,Electrician,10.0
12.0,z0,Structural Foundation,8,3,Painter,11.0
13.0,z0,Piping,2,1,Painter,12.0
14.0,z0,Structural Foundation,4,1,Painter,13.0
15.0,z0,Sewage,6,3,Painter,14.0
16.0,z0,Piping,4,3,Concrete,15.0
17.0,z0,Structural Walls,6,3,Electrician,16.0
18.0,z0,Structural Walls,4,2,Electrician,17.0
19.0,z0,Floor,7,1,Carpenter,18.0
20.0,z0,Piping,1,1,Electrician,19.0
21.0,z0,Sewage,8,1,Carpenter,20.0
22.0,z0,Structural Walls,3,2,VVS,21.0
23.0,z0,Structural Walls,3,2,Painter,22.0
24.0,z0,Structural Foundation,2,3,Concrete,23.0
25.0,z0,Gypsum,3,1,Electrician,24.0
26.0,z0,Structural Foundation,2,3,VVS,25.0
27.0,z0,Structural Foundation,4,2,Electrician,26.0
28.0,z0,Floor,7,3,Concrete,27.0
29.0,z0,Structural Walls,7,2,VVS,28.0
30.0,z0,Structural Walls,4,3,VVS,29.0
31.0,z0,Sewage,2,2,Electrician,30.0
32.0,z0,Electricity,5,1,VVS,31.0
33.0,z0,Electricity,1,3,Painter,32.0
34.0,z0,Structural Foundation,9,3,VVS,33.0
35.0,z0,Piping,2,2,Electrician,34.0
36.0,z0,Floor,9,3,Concrete,35.0
37.0,z0,Structural Foundation,6,3,Electrician,36.0
38.0,z0,Structural Foundation,1,2,Painter,37.0
39.0,z0,Electricity,3,1,VVS,38.0
40.0,z0,Structural Foundation,4,2,Concrete,39.0
41.0,z0,Gypsum,2,3,VVS,40.0
42.0,z0,Structural Foundation,8,1,Electrician,41.0
43.0,z0,Structural Walls,9,3,Concrete,42.0
44.0,z0,Gypsum,6,2,VVS,43.0
45.0,z0,Structural Foundation,8,2,Concrete,44.0
46.0,z0,Floor,7,3,Concrete,45.0
47.0,z0,Interior Walls,2,1,Carpenter,46.0
48.0,z0,Sewage,7,1,Concrete,47.0
49.0,z0,Sewage,5,2,Electrician,48.0
50.0,z0,Gypsum,3,3,Painter,49.0
51.0,z0,Electricity,3,1,Carpenter,50.0
52.0,z0,Floor,9,3,VVS,51.0
53.0,z0,Floor,3,2,Electrician,52.0
54.0,z0,Structural Foundation,6,2,Carpenter,53.0
55.0,z0,Piping,4,1,VVS,54.0
56.0,z0,Structural Walls,6,2,VVS,55.0
57.0,z0,Piping,1,3,Painter,56.0
58.0,z0,Interior Walls,6,1,Electrician,57.0
59.0,z0,Sewage,8,3,Electrician,58.0
60.0,z0,Structural Foundation,1,1,Painter,59.0
61.0,z0,Sewage,9,2,Carpenter,60.0
62.0,z0,Floor,5,3,Painter,61.0
63.0,z0,Electricity,1,1,Painter,62.0
64.0,z0,Structural Foundation,8,3,Carpenter,63.0
65.0,z0,Interior Walls,6,1,Carpenter,64.0
66.0,z0,Piping,9,2,Concrete,65.0
67.0,z0,Gypsum,9,3,Painter,66.0
68.0,z0,Sewage,7,2,Concrete,67.0
69.0,z0,Interior Walls,2,2,Carpenter,68.0
70.0,z0,Piping,6,3,Carpenter,69.0
71.0,z0,Gypsum,3,2,Concrete,70.0
72.0,z0,Interior Walls,9,3,Concrete,71.0
73.0,z0,Piping,7,3,Concrete,72.0
74.0,z0,Electricity,9,1,Electrician,73.0
75.0,z0,Piping,9,3,Painter,74.0
76.0,z0,Structural Walls,4,1,Carpenter,75.0
77.0,z0,Electricity,6,3,Concrete,76.0
78.0,z0,Piping,5,1,Painter,77.0
79.0,z0,Interior Walls,4,3,Electrician,78.0
80.0,z0,Gypsum,6,3,Painter,79.0
81.0,z0,Piping,4,2,Concrete,80.0
82.0,z0,Structural Foundation,2,1,Painter,81.0
83.0,z0,Sewage,5,2,Carpenter,82.0
84.0,z0,Structural Walls,8,3,Painter,83.0
85.0,z0,Electricity,1,1,Electrician,84.0
86.0,z0,Gypsum,2,1,Painter,85.0
87.0,z0,Gypsum,8,3,VVS,86.0
88.0,z0,Gypsum,5,3,Painter,87.0
89.0,z0,Floor,2,1,VVS,88.0
90.0,z0,Structural Walls,2,3,Electrician,89.0
91.0,z0,Structural Foundation,2,1,Carpenter,90.0
92.0,z0,Electricity,3,1,Concrete,91.0
93.0,z0,Piping,7,2,VVS,92.0
94.0,z0,Sewage,7,3,VVS,93.0
95.0,z0,Gypsum,5,1,Concrete,94.0
96.0,z0,Electricity,7,1,Painter,95.0
97.0,z0,Piping,1,2,Concrete,96.0
98.0,z0,Electricity,4,1,Carpenter,97.0
99.0,z0,Gypsum,9,1,Electrician,98.0
100.0,z0,Piping,6,2,Electrician,99.0
101.0,z0,Interior Walls,5,2,VVS,100.0
102.0,z0,Structural Walls,8,1,Painter,101.0
103.0,z0,Interior Walls,5,3,Carpenter,102.0
104.0,z0,Electricity,4,3,Painter,103.0
105.0,z0,Floor,8,2,Concrete,104.0
106.0,z0,Sewage,3,3,Painter,105.0
107.0,z0,Structural Walls,4,1,Electrician,106.0
108.0,z0,Interior Walls,2,3,Carpenter,107.0
109.0,z0,Sewage,7,1,Electrician,108.0
110.0,z0,Structural Walls,4,3,Carpenter,109.0
111.0,z0,Interior Walls,2,3,Painter,110.0
112.0,z0,Interior Walls,8,1,VVS,111.0
113.0,z0,Sewage,3,1,Concrete,112.0
114.0,z0,Piping,7,3,Painter,113.0
115.0,z0,Gypsum,8,1,Electrician,114.0
116.0,z0,Electricity,9,1,VVS,115.0
117.0,z0,Interior Walls,6,3,Painter,116.0
118.0,z0,Piping,8,2,Painter,117.0
119.0,z0,Interior Walls,6,3,Concrete,118.0
120.0,z0,Floor,6,3,Concrete,119.0
121.0,z0,Floor,1,2,Carpenter,120.0
122.0,z0,Structural Walls,6,3,Painter,121.0
123.0,z0,Sewage,8,3,VVS,122.0
124.0,z0,Structural Walls,8,3,Painter,123.0
125.0,z0,Electricity,3,3,Carpenter,124.0
126.0,z0,Sewage,2,3,Concrete,125.0
127.0,z0,Structural Walls,5,3,Carpenter,126.0
128.0,z0,Structural Foundation,9,1,Electrician,127.0
129.0,z0,Interior Walls,3,2,Carpenter,128.0
130.0,z0,Floor,5,2,Carpenter,129.0
131.0,z0,Piping,1,3,Carpenter,130.0
132.0,z0,Interior Walls,5,2,Carpenter,131.0
133.0,z0,Floor,9,3,Painter,132.0
134.0,z0,Floor,7,2,VVS,133.0
135.0,z0,Structural Foundation,9,2,Painter,134.0
136.0,z0,Interior Walls,6,1,VVS,135.0
137.0,z0,Piping,5,2,Carpenter,136.0
138.0,z0,Structural Walls,1,2,Electrician,137.0
139.0,z0,Structural Walls,9,3,Painter,138.0
140.0,z0,Piping,2,1,Electrician,139.0
141.0,z0,Electricity,7,1,VVS,140.0
142.0,z0,Structural Walls,3,1,Concrete,141.0
143.0,z0,Structural Foundation,2,1,Painter,142.0
144.0,z0,Interior Walls,2,1,Concrete,143.0
145.0,z0,Floor,4,3,Carpenter,144.0
146.0,z0,Floor,9,1,VVS,145.0
147.0,z0,Floor,3,1,Painter,146.0
148.0,z0,Electricity,1,2,Electrician,147.0
149.0,z0,Interior Walls,3,1,Concrete,148.0
150.0,z0,Piping,4,3,Painter,149.0
151.0,z0,Sewage,4,3,Carpenter,150.0
152.0,z0,Structural Walls,8,1,Electrician,151.0
153.0,z0,Floor,8,2,Electrician,152.0
154.0,z0,Structural Walls,1,2,Concrete,153.0
155.0,z0,Floor,6,1,Carpenter,154.0
156.0,z0,Piping,8,1,Painter,155.0
157.0,z0,Piping,5,3,Electrician,156.0
158.0,z0,Electricity,6,3,Electrician,157.0
159.0,z0,Electricity,1,1,VVS,158.0
160.0,z0,Structural Foundation,7,1,Painter,159.0
161.0,z0,Interior Walls,1,3,Carpenter,160.0
162.0,z0,Structural Walls,4,1,VVS,161.0
163.0,z0,Piping,7,3,Concrete,162.0
164.0,z0,Interior Walls,2,2,Carpenter,163.0
165.0,z0,Structural Walls,9,3,Painter,164.0
166.0,z0,Structural Foundation,5,1,Carpenter,165.0
167.0,z0,Sewage,2,1,Carpenter,166.0
168.0,z0,Structural Foundation,1,2,Painter,167.0
169.0,z0,Structural Foundation,3,2,Electrician,168.0
170.0,z0,Structural Foundation,2,3,VVS,169.0
171.0,z0,Electricity,7,3,Concrete,170.0
172.0,z0,Gypsum,4,2,Carpenter,171.0
173.0,z0,Gypsum,8,3,Carpenter,172.0
174.0,z0,Structural Foundation,3,1,Electrician,173.0
175.0,z0,Structural Walls,5,3,Painter,174.0
176.0,z0,Structural Foundation,3,2,Painter,175.0
177.0,z0,Sewage,5,3,Painter,176.0
178.0,z0,Electricity,3,2,Painter,177.0
179.0,z0,Structural Walls,4,3,Electrician,178.0
180.0,z0,Sewage,2,2,Painter,179.0
181.0,z0,Structural Walls,5,1,Electrician,180.0
182.0,z0,Electricity,1,1,Concrete,181.0
183.0,z0,Sewage,5,2,VVS,182.0
184.0,z0,Interior Walls,6,2,Painter,183.0
185.0,z0,Floor,8,3,VVS,184.0
186.0,z0,Floor,4,2,Painter,185.0
187.0,z0,Floor,6,3,Concrete,186.0
188.0,z0,Piping,4,1,Painter,187.0
189.0,z0,Electricity,5,3,Carpenter,188.0
190.0,z0,Gypsum,1,1,Carpenter,189.0
191.0,z0,Floor,4,2,VVS,190.0
192.0,z0,Piping,7,3,Electrician,191.0
193.0,z0,Interior Walls,1,3,Concrete,192.0
194.0,z0,Structural Walls,9,1,Painter,193.0
195.0,z0,Structural Walls,3,1,Carpenter,194.0
196.0,z0,Structural Foundation,2,3,Painter,195.0
197.0,z0,Structural Foundation,5,2,Concrete,196.0
198.0,z0,Sewage,4,1,Painter,197.0
199.0,z0,Structural Walls,8,1,Electrician,198.0
200.0,z0,Floor,4,2,Electrician,199.0
201.0,z0,Sewage,5,2,Concrete,200.0
202.0,z0,Structural Foundation,7,1,Painter,201.0
203.0,z0,Gypsum,9,3,Concrete,202.0
204.0,z0,Piping,1,1,Electrician,203.0
205.0,z0,Gypsum,4,2,Concrete,204.0
206.0,z0,Sewage,7,2,Carpenter,205.0
207.0,z0,Structural Walls,8,1,Painter,206.0
208.0,z0,Gypsum,3,3,Carpenter,207.0
209.0,z0,Electricity,1,3,VVS,208.0
210.0,z0,Sewage,7,3,Painter,209.0
211.0,z0,Gypsum,6,1,Electrician,210.0
212.0,z0,Gypsum,7,1,Painter,211.0
213.0,z0,Piping,7,1,Electrician,212.0
214.0,z0,Structural Walls,2,2,Carpenter,213.0
215.0,z0,Electricity,7,3,Carpenter,214.0
216.0,z0,Electricity,4,1,Painter,215.0
217.0,z0,Electricity,7,2,VVS,216.0
218.0,z0,Piping,6,3,VVS,217.0
219.0,z0,Structural Foundation,1,1,Concrete,218.0
220.0,z0,Interior Walls,5,2,Electrician,219.0
221.0,z0,Structural Foundation,6,3,VVS,220.0
222.0,z0,Interior Walls,1,3,Electrician,221.0
223.0,z0,Electricity,1,2,Carpenter,222.0
224.0,z0,Piping,5,3,VVS,223.0
225.0,z0,Electricity,5,3,Electrician,224.0
226.0,z0,Electricity,9,3,Electrician,225.0
227.0,z0,Floor,2,2,Painter,226.0
228.0,z0,Floor,7,2,Concrete,227.0
229.0,z0,Interior Walls,2,1,Carpenter,228.0
230.0,z0,Gypsum,5,3,VVS,229.0
231.0,z0,Structural Foundation,7,2,Concrete,230.0
232.0,z0,Piping,4,2,VVS,231.0
233.0,z0,Electricity,9,3,Concrete,232.0
234.0,z0,Electricity,8,2,Painter,233.0
235.0,z0,Sewage,8,1,Electrician,234.0
236.0,z0,Structural Foundation,2,2,Painter,235.0
237.0,z0,Interior Walls,6,3,Electrician,236.0
238.0,z0,Electricity,7,2,Carpenter,237.0
239.0,z0,Structural Walls,4,1,Carpenter,238.0
240.0,z0,Floor,6,2,Electrician,239.0
241.0,z0,Structural Foundation,3,1,Concrete,240.0
242.0,z0,Interior Walls,3,3,Electrician,241.0
243.0,z0,Structural Foundation,3,3,Painter,242.0
244.0,z0,Piping,3,1,Concrete,243.0
245.0,z0,Structural Walls,8,2,Carpenter,244.0
246.0,z0,Interior Walls,1,1,Carpenter,245.0
247.0,z0,Floor,1,1,Carpenter,246.0
248.0,z0,Gypsum,2,1,Painter,247.0
249.0,z0,Structural Walls,3,1,Carpenter,248.0
250.0,z0,Gypsum,9,3,Painter,249.0
251.0,z0,Sewage,1,3,Electrician,250.0
252.0,z0,Sewage,2,3,Carpenter,251.0
253.0,z0,Floor,6,3,Concrete,252.0
254.0,z0,Piping,7,1,Carpenter,253.0
255.0,z0,Electricity,4,1,Painter,254.0
256.0,z0,Electricity,6,3,Carpenter,255.0
257.0,z0,Structural Foundation,5,2,Carpenter,256.0
258.0,z0,Gypsum,4,2,Painter,257.0
259.0,z0,Structural Walls,1,2,Painter,258.0
260.0,z0,Floor,5,2,VVS,259.0
261.0,z0,Gypsum,8,3,Painter,260.0
262.0,z0,Floor,7,1,Concrete,261.0
263.0,z0,Sewage,8,2,Painter,262.0
264.0,z0,Interior Walls,5,1,Painter,263.0
265.0,z0,Gypsum,3,1,Concrete,264.0
266.0,z0,Interior Walls,2,2,Painter,265.0
267.0,z0,Sewage,2,1,Painter,266.0
268.0,z0,Sewage,2,3,Carpenter,267.0
269.0,z0,Floor,4,3,VVS,268.0
270.0,z0,Structural Foundation,9,1,Painter,269.0
271.0,z0,Interior Walls,8,1,Carpenter,270.0
272.0,z0,Gypsum,6,2,Concrete,271.0
273.0,z0,Structural Foundation,7,1,Painter,272.0
274.0,z0,Structural Foundation,3,2,Carpenter,273.0
275.0,z0,Piping,2,1,Concrete,274.0
276.0,z0,Floor,1,3,Concrete,275.0
277.0,z0,Interior Walls,7,2,Electrician,276.0
278.0,z0,Piping,9,2,Painter,277.0
279.0,z0,Structural Walls,4,2,Concrete,278.0
280.0,z0,Interior Walls,4,1,Concrete,279.0
281.0,z0,Gypsum,5,3,Concrete,280.0
282.0,z0,Gypsum,6,1,Electrician,281.0
283.0,z0,Structural Walls,5,3,Concrete,282.0
284.0,z0,Gypsum,5,2,Electrician,283.0
285.0,z0,Sewage,9,2,Painter,284.0
286.0,z0,Interior Walls,2,3,Concrete,285.0
287.0,z0,Gypsum,4,1,Electrician,286.0
288.0,z0,Electricity,6,1,Painter,287.0
289.0,z0,Structural Foundation,9,2,Concrete,288.0
290.0,z0,Piping,6,3,VVS,289.0
291.0,z0,Gypsum,3,1,Concrete,290.0
292.0,z0,Structural Foundation,9,3,Carpenter,291.0
293.0,z0,Electricity,4,1,VVS,292.0
294.0,z0,Interior Walls,2,2,VVS,293.0
295.0,z0,Sewage,3,3,Carpenter,294.0
296.0,z0,Sewage,9,1,Carpenter,295.0
297.0,z0,Floor,2,2,Electrician,296.0
298.0,z0,Structural Walls,4,1,Painter,297.0
299.0,z0,Piping,2,3,Electrician,298.0
300.0,z1,Electricity,2,3,Concrete,299.0
301.0,z1,Structural Walls,4,2,Concrete,300.0
302.0,z1,Structural Walls,3,2,Electrician,301.0
303.0,z1,Interior Walls,3,3,Concrete,302.0
304.0,z1,Electricity,5,1,VVS,303.0
305.0,z1,Sewage,1,3,Painter,304.0
306.0,z1,Sewage,6,3,Painter,305.0
307.0,z1,Structural Foundation,1,2,Electrician,306.0
308.0,z1,Piping,7,1,Electrician,307.0
309.0,z1,Electricity,2,2,VVS,308.0
310.0,z1,Electricity,8,2,VVS,309.0
311.0,z1,Structural Walls,2,3,Electrician,310.0
312.0,z1,Structural Foundation,2,1,Concrete,311.0
313.0,z1,Structural Walls,5,3,Concrete,312.0
314.0,z1,Structural Walls,4,1,Painter,313.0
315.0,z1,Electricity,3,1,Carpenter,314.0
316.0,z1,Piping,2,2,Painter,315.0
317.0,z1,Gypsum,8,1,Concrete,316.0
318.0,z1,Electricity,6,2,Painter,317.0
319.0,z1,Piping,8,1,Painter,318.0
320.0,z1,Interior Walls,3,3,Carpenter,319.0
321.0,z1,Gypsum,8,3,Carpenter,320.0
322.0,z1,Sewage,8,1,Electrician,321.0
323.0,z1,Interior Walls,5,1,Painter,322.0
324.0,z1,Piping,7,3,Painter,323.0
325.0,z1,Gypsum,2,3,Carpenter,324.0
326.0,z1,Floor,8,3,Electrician,325.0
327.0,z1,Gypsum,1,3,Electrician,326.0
328.0,z1,Structural Walls,8,2,Carpenter,327.0
329.0,z1,Structural Foundation,2,3,VVS,328.0
330.0,z1,Structural Foundation,5,2,Concrete,329.0
331.0,z1,Gypsum,8,2,Carpenter,330.0
332.0,z1,Interior Walls,9,3,Carpenter,331.0
333.0,z1,Piping,9,2,Painter,332.0
334.0,z1,Electricity,8,1,Electrician,333.0
335.0,z1,Interior Walls,2,3,Electrician,334.0
336.0,z1,Interior Walls,9,2,Carpenter,335.0
337.0,z1,Electricity,1,2,Painter,336.0
338.0,z1,Structural Walls,8,3,Carpenter,337.0
339.0,z1,Structural Foundation,5,1,Electrician,338.0
340.0,z1,Structural Foundation,2,1,Carpenter,339.0
341.0,z1,Piping,3,2,Painter,340.0
342.0,z1,Piping,3,1,VVS,341.0
343.0,z1,Structural Foundation,4,2,Carpenter,342.0
344.0,z1,Interior Walls,7,2,Painter,343.0
345.0,z1,Piping,2,3,Carpenter,344.0
346.0,z1,Structural Walls,9,2,Painter,345.0
347.0,z1,Sewage,2,2,Concrete,346.0
348.0,z1,Electricity,8,3,Painter,347.0
349.0,z1,Gypsum,3,1,Carpenter,348.0
350.0,z1,Sewage,6,2,VVS,349.0
351.0,z1,Structural Walls,9,1,VVS,350.0
352.0,z1,Piping,9,2,Electrician,351.0
353.0,z1,Interior Walls,2,2,Concrete,352.0
354.0,z1,Interior Walls,5,3,Carpenter,353.0
355.0,z1,Interior Walls,9,1,VVS,354.0
356.0,z1,Interior Walls,1,1,Electrician,355.0
357.0,z1,Piping,3,1,Concrete,356.0
358.0,z1,Sewage,9,2,Electrician,357.0
359.0,z1,Electricity,1,3,Concrete,358.0
360.0,z1,Electricity,2,1,Concrete,359.0
361.0,z1,Electricity,3,1,Painter,360.0
362.0,z1,Interior Walls,5,1,Electrician,361.0
363.0,z1,Structural Walls,4,3,Electrician,362.0
364.0,z1,Sewage,8,2,Electrician,363.0
365.0,z1,Interior Walls,5,1,Concrete,364.0
366.0,z1,Piping,4,1,Carpenter,365.0
367.0,z1,Floor,7,2,Concrete,366.0
368.0,z1,Gypsum,3,3,Painter,367.0
369.0,z1,Structural Walls,7,1,Carpenter,368.0
370.0,z1,Floor,3,2,Concrete,369.0
371.0,z1,Sewage,6,3,Painter,370.0
372.0,z1,Structural Foundation,7,2,Painter,371.0
373.0,z1,Gypsum,2,3,Electrician,372.0
374.0,z1,Structural Foundation,5,2,Concrete,373.0
375.0,z1,Structural Foundation,3,3,Carpenter,374.0
376.0,z1,Piping,9,3,Carpenter,375.0
377.0,z1,Structural Foundation,1,2,Electrician,376.0
378.0,z1,Gypsum,4,3,VVS,377.0
379.0,z1,Floor,2,1,Electrician,378.0
380.0,z1,Sewage,8,2,Carpenter,379.0
381.0,z1,Piping,5,2,Concrete,380.0
382.0,z1,Structural Foundation,5,3,VVS,381.0
383.0,z1,Electricity,2,1,Carpenter,382.0
384.0,z1,Structural Foundation,4,3,Electrician,383.0
385.0,z1,Structural Foundation,5,2,Electrician,384.0
386.0,z1,Structural Walls,7,1,Painter,385.0
387.0,z1,Interior Walls,8,1,Electrician,386.0
388.0,z1,Electricity,2,3,Painter,387.0
389.0,z1,Structural Walls,1,3,Concrete,388.0
390.0,z1,Electricity,3,3,Electrician,389.0
391.0,z1,Piping,9,2,Painter,390.0
392.0,z1,Structural Walls,9,1,Painter,391.0
393.0,z1,Gypsum,7,3,Carpenter,392.0
394.0,z1,Piping,9,1,Electrician,393.0
395.0,z1,Interior Walls,5,3,VVS,394.0
396.0,z1,Electricity,7,2,Carpenter,395.0
397.0,z1,Gypsum,1,2,Painter,396.0
398.0,z1,Floor,5,3,Electrician,397.0
399.0,z1,Structural Walls,3,1,Painter,398.0
400.0,z1,Electricity,5,1,Carpenter,399.0
401.0,z1,Sewage,6,1,Painter,400.0
402.0,z1,Interior Walls,4,1,Concrete,401.0
403.0,z1,Sewage,7,3,VVS,402.0
404.0,z1,Piping,5,1,Painter,403.0
405.0,z1,Electricity,4,3,Carpenter,404.0
406.0,z1,Piping,8,2,Electrician,405.0
407.0,z1,Piping,6,2,Painter,406.0
408.0,z1,Sewage,3,2,Electrician,407.0
409.0,z1,Sewage,8,2,VVS,408.0
410.0,z1,Piping,8,2,Concrete,409.0
411.0,z1,Floor,7,2,VVS,410.0
412.0,z1,Gypsum,5,3,VVS,411.0
413.0,z1,Piping,4,3,VVS,412.0
414.0,z1,Piping,6,3,Concrete,413.0
415.0,z1,Piping,1,3,Concrete,414.0
416.0,z1,Interior Walls,6,3,VVS,415.0
417.0,z1,Floor,9,2,Painter,416.0
418.0,z1,Interior Walls,1,2,Concrete,417.0
419.0,z1,Structural Foundation,4,3,VVS,418.0
420.0,z1,Gypsum,6,1,VVS,419.0
421.0,z1,Gypsum,7,3,VVS,420.0
422.0,z1,Structural Walls,1,1,VVS,421.0
423.0,z1,Structural Walls,7,1,VVS,422.0
424.0,z1,Structural Walls,1,2,Electrician,423.0
425.0,z1,Gypsum,3,1,Carpenter,424.0
426.0,z1,Sewage,6,3,Painter,425.0
427.0,z1,Sewage,4,2,Electrician,426.0
428.0,z1,Piping,5,1,Painter,427.0
429.0,z1,Interior Walls,5,1,Carpenter,428.0
430.0,z1,Interior Walls,6,2,Electrician,429.0
431.0,z1,Sewage,5,2,Concrete,430.0
432.0,z1,Sewage,7,2,VVS,431.0
433.0,z1,Floor,5,1,Painter,432.0
434.0,z1,Floor,5,1,Carpenter,433.0
435.0,z1,Floor,5,1,Carpenter,434.0
436.0,z1,Gypsum,2,2,Carpenter,435.0
437.0,z1,Structural Foundation,2,3,Concrete,436.0
438.0,z1,Sewage,1,3,Carpenter,437.0
439.0,z1,Structural Walls,4,1,Concrete,438.0
440.0,z1,Sewage,5,3,Carpenter,439.0
441.0,z1,Floor,9,3,Electrician,440.0
442.0,z1,Sewage,9,3,Electrician,441.0
443.0,z1,Piping,7,1,Carpenter,442.0
444.0,z1,Gypsum,4,3,Painter,443.0
445.0,z1,Electricity,9,2,Concrete,444.0
446.0,z1,Sewage,7,3,Painter,445.0
447.0,z1,Floor,8,1,Carpenter,446.0
448.0,z1,Floor,5,1,Electrician,447.0
449.0,z1,Interior Walls,7,3,Painter,448.0
450.0,z1,Gypsum,7,1,Concrete,449.0
451.0,z1,Piping,4,1,Carpenter,450.0
452.0,z1,Floor,3,1,VVS,451.0
453.0,z1,Piping,4,2,Electrician,452.0
454.0,z1,Structural Foundation,3,3,Concrete,453.0
455.0,z1,Structural Foundation,3,2,Carpenter,454.0
456.0,z1,Electricity,1,2,Electrician,455.0
457.0,z1,Structural Walls,8,1,Concrete,456.0
458.0,z1,Piping,9,3,VVS,457.0
459.0,z1,Sewage,5,3,Painter,458.0
460.0,z1,Floor,9,2,Painter,459.0
461.0,z1,Gypsum,8,1,Painter,460.0
462.0,z1,Interior Walls,1,3,VVS,461.0
463.0,z1,Electricity,5,3,Painter,462.0
464.0,z1,Sewage,4,3,VVS,463.0
465.0,z1,Structural Walls,8,3,Carpenter,464.0
466.0,z1,Interior Walls,1,3,Painter,465.0
467.0,z1,Electricity,6,1,Carpenter,466.0
468.0,z1,Structural Walls,1,2,VVS,467.0
469.0,z1,Interior Walls,7,3,VVS,468.0
470.0,z1,Sewage,6,2,Painter,469.0
471.0,z1,Interior Walls,9,3,Concrete,470.0
472.0,z1,Gypsum,8,2,VVS,471.0
473.0,z1,Gypsum,1,3,Electrician,472.0
474.0,z1,Floor,9,2,Carpenter,473.0
475.0,z1,Structural Walls,8,2,Painter,474.0
476.0,z1,Gypsum,5,1,VVS,475.0
477.0,z1,Interior Walls,1,3,Concrete,476.0
478.0,z1,Interior Walls,2,3,VVS,477.0
479.0,z1,Piping,9,3,Concrete,478.0
480.0,z1,Sewage,1,2,Painter,479.0
481.0,z1,Piping,1,2,Painter,480.0
482.0,z1,Gypsum,7,1,Painter,481.0
483.0,z1,Floor,6,3,Concrete,482.0
484.0,z1,Structural Foundation,2,3,Painter,483.0
485.0,z1,Gypsum,3,2,Painter,484.0
486.0,z1,Floor,4,3,Electrician,485.0
487.0,z1,Sewage,2,2,Painter,486.0
488.0,z1,Structural Foundation,6,3,Concrete,487.0
489.0,z1,Gypsum,3,2,VVS,488.0
490.0,z1,Floor,1,2,Carpenter,489.0
491.0,z1,Piping,4,3,VVS,490.0
492.0,z1,Sewage,6,1,Concrete,491.0
493.0,z1,Electricity,9,1,Electrician,492.0
494.0,z1,Floor,6,2,Painter,493.0
495.0,z1,Sewage,1,3,Painter,494.0
496.0,z1,Structural Walls,1,3,VVS,495.0
497.0,z1,Structural Walls,6,2,VVS,496.0
498.0,z1,Interior Walls,1,2,VVS,497.0
499.0,z1,Floor,3,1,Painter,498.0
500.0,z1,Gypsum,8,2,Painter,499.0
501.0,z1,Gypsum,1,1,Painter,500.0
502.0,z1,Gypsum,8,1,Carpenter,501.0
503.0,z1,Electricity,9,2,VVS,502.0
504.0,z1,Interior Walls,9,2,Concrete,503.0
505.0,z1,Electricity,7,3,Concrete,504.0
506.0,z1,Piping,8,3,VVS,505.0
507.0,z1,Structural Walls,8,1,Painter,506.0
508.0,z1,Floor,5,2,Painter,507.0
509.0,z1,Structural Foundation,7,1,Concrete,508.0
510.0,z1,Structural Walls,3,3,Electrician,509.0
511.0,z1,Electricity,1,3,Painter,510.0
512.0,z1,Floor,5,1,Concrete,511.0
513.0,z1,Sewage,1,3,Carpenter,512.0
514.0,z1,Interior Walls,3,2,Electrician,513.0
515.0,z1,Sewage,3,1,VVS,514.0
516.0,z1,Interior Walls,4,2,Concrete,515.0
517.0,z1,Piping,9,2,Carpenter,516.0
518.0,z1,Structural Walls,1,1,Painter,517.0
519.0,z1,Sewage,9,2,Painter,518.0
520.0,z1,Floor,1,2,Carpenter,519.0
521.0,z1,Sewage,3,2,Electrician,520.0
522.0,z1,Gypsum,5,1,Painter,521.0
523.0,z1,Piping,1,2,VVS,522.0
524.0,z1,Interior Walls,9,2,Carpenter,523.0
525.0,z1,Structural Foundation,8,1,VVS,524.0
526.0,z1,Piping,2,1,Concrete,525.0
527.0,z1,Sewage,7,1,Concrete,526.0
528.0,z1,Floor,7,3,Concrete,527.0
529.0,z1,Electricity,6,3,Concrete,528.0
530.0,z1,Sewage,2,2,Electrician,529.0
531.0,z1,Structural Walls,5,2,Concrete,530.0
532.0,z1,Electricity,2,1,Concrete,531.0
533.0,z1,Piping,5,3,Concrete,532.0
534.0,z1,Structural Foundation,2,3,Painter,533.0
535.0,z1,Structural Foundation,6,3,VVS,534.0
536.0,z1,Sewage,5,1,Electrician,535.0
537.0,z1,Gypsum,7,2,Electrician,536.0
538.0,z1,Electricity,2,1,VVS,537.0
539.0,z1,Interior Walls,8,2,Painter,538.0
540.0,z1,Piping,3,1,Electrician,539.0
541.0,z1,Structural Walls,5,2,Carpenter,540.0
542.0,z1,Structural Walls,1,1,VVS,541.0
543.0,z1,Structural Foundation,4,2,Concrete,542.0
544.0,z1,Structural Foundation,3,2,Carpenter,543.0
545.0,z1,Gypsum,4,2,Painter,544.0
546.0,z1,Structural Foundation,6,3,Concrete,545.0
547.0,z1,Floor,3,2,Electrician,546.0
548.0,z1,Floor,4,2,VVS,547.0
549.0,z1,Interior Walls,7,3,Carpenter,548.0
550.0,z1,Structural Foundation,2,1,VVS,549.0
551.0,z1,Floor,1,3,VVS,550.0
552.0,z1,Structural Walls,7,2,Electrician,551.0
553.0,z1,Interior Walls,7,2,Carpenter,552.0
554.0,z1,Sewage,4,3,Painter,553.0
555.0,z1,Electricity,6,3,Painter,554.0
556.0,z1,Interior Walls,5,2,Concrete,555.0
557.0,z1,Piping,9,2,Concrete,556.0
558.0,z1,Structural Walls,6,3,Painter,557.0
559.0,z1,Sewage,6,1,Concrete,558.0
560.0,z1,Structural Walls,3,3,Painter,559.0
561.0,z1,Floor,7,1,Painter,560.0
562.0,z1,Interior Walls,9,2,VVS,561.0
563.0,z1,Gypsum,4,2,Carpenter,562.0
564.0,z1,Interior Walls,4,3,Painter,563.0
565.0,z1,Structural Foundation,2,1,Painter,564.0
566.0,z1,Floor,3,1,Concrete,565.0
567.0,z1,Piping,2,2,Painter,566.0
568.0,z1,Piping,4,3,Concrete,567.0
569.0,z1,Gypsum,1,3,Concrete,568.0
570.0,z1,Gypsum,5,1,Concrete,569.0
571.0,z1,Electricity,5,2,Carpenter,570.0
572.0,z1,Floor,2,3,Carpenter,571.0
573.0,z1,Interior Walls,1,1,Carpenter,572.0
574.0,z1,Floor,1,1,VVS,573.0
575.0,z1,Structural Walls,2,2,Carpenter,574.0
576.0,z1,Piping,3,3,Painter,575.0
577.0,z1,Electricity,1,2,Electrician,576.0
578.0,z1,Floor,6,3,Concrete,577.0
579.0,z1,Structural Walls,4,3,Concrete,578.0
580.0,z1,Interior Walls,5,1,Carpenter,579.0
581.0,z1,Structural Walls,8,1,Painter,580.0
582.0,z1,Floor,6,2,VVS,581.0
583.0,z1,Structural Walls,1,3,VVS,582.0
584.0,z1,Structural Walls,1,3,Concrete,583.0
585.0,z1,Structural Foundation,8,2,Painter,584.0
586.0,z1,Interior Walls,4,2,Carpenter,585.0
587.0,z1,Floor,5,2,Carpenter,586.0
588.0,z1,Structural Foundation,1,1,Painter,587.0
589.0,z1,Piping,2,1,Concrete,588.0
590.0,z1,Electricity,3,2,Painter,589.0
591.0,z1,Gypsum,9,2,Carpenter,590.0
592.0,z1,Interior Walls,3,3,Carpenter,591.0
593.0,z1,Structural Foundation,6,1,Concrete,592.0
594.0,z1,Interior Walls,8,3,Carpenter,593.0
595.0,z1,Gypsum,7,3,Carpenter,594.0
596.0,z1,Electricity,8,3,Carpenter,595.0
597.0,z1,Interior Walls,5,3,Electrician,596.0
598.0,z1,Sewage,1,2,Electrician,597.0
599.0,z1,Gypsum,7,2,Carpenter,598.0
600.0,z2,Floor,2,2,VVS,599.0
601.0,z2,Structural Walls,5,1,VVS,600.0
602.0,z2,Structural Foundation,9,3,Carpenter,601.0
603.0,z2,Floor,2,1,Carpenter,602.0
604.0,z2,Gypsum,7,1,Carpenter,603.0
605.0,z2,Gypsum,9,3,Carpenter,604.0
606.0,z2,Structural Walls,5,3,Carpenter,605.0
607.0,z2,Piping,3,1,VVS,606.0
608.0,z2,Interior Walls,2,3,Carpenter,607.0
609.0,z2,Gypsum,2,2,Carpenter,608.0
610.0,z2,Electricity,8,2,Painter,609.0
611.0,z2,Floor,4,2,Concrete,610.0
612.0,z2,Piping,7,3,VVS,611.0
613.0,z2,Structural Foundation,4,2,Painter,612.0
614.0,z2,Sewage,8,1,VVS,613.0
615.0,z2,Electricity,1,1,VVS,614.0
616.0,z2,Piping,1,1,Carpenter,615.0
617.0,z2,Structural Walls,4,2,Electrician,616.0
618.0,z2,Piping,9,1,VVS,617.0
619.0,z2,Sewage,1,1,Concrete,618.0
620.0,z2,Sewage,3,1,VVS,619.0
621.0,z2,Structural Foundation,3,1,Carpenter,620.0
622.0,z2,Gypsum,1,2,Electrician,621.0
623.0,z2,Gypsum,5,1,Electrician,622.0
624.0,z2,Structural Walls,7,3,Carpenter,623.0
625.0,z2,Structural Foundation,9,2,Painter,624.0
626.0,z2,Floor,2,2,Concrete,625.0
627.0,z2,Interior Walls,1,3,Painter,626.0
628.0,z2,Structural Walls,5,1,Painter,627.0
629.0,z2,Interior Walls,9,3,Electrician,628.0
630.0,z2,Structural Foundation,7,1,Carpenter,629.0
631.0,z2,Structural Walls,4,1,Carpenter,630.0
632.0,z2,Sewage,6,1,Carpenter,631.0
633.0,z2,Piping,7,1,Carpenter,632.0
634.0,z2,Sewage,5,1,Painter,633.0
635.0,z2,Structural Walls,5,1,VVS,634.0
636.0,z2,Structural Walls,6,3,Concrete,635.0
637.0,z2,Gypsum,3,3,Concrete,636.0
638.0,z2,Sewage,1,3,Concrete,637.0
639.0,z2,Floor,9,1,Painter,638.0
640.0,z2,Piping,4,3,Concrete,639.0
641.0,z2,Sewage,8,2,Electrician,640.0
642.0,z2,Structural Foundation,2,1,VVS,641.0
643.0,z2,Structural Walls,1,2,Carpenter,642.0
644.0,z2,Piping,2,3,Electrician,643.0
645.0,z2,Structural Foundation,3,2,Electrician,644.0
646.0,z2,Sewage,3,1,Electrician,645.0
647.0,z2,Structural Walls,9,2,Electrician,646.0
648.0,z2,Interior Walls,8,2,Carpenter,647.0
649.0,z2,Interior Walls,8,3,VVS,648.0
650.0,z2,Electricity,3,2,Carpenter,649.0
651.0,z2,Sewage,6,3,Painter,650.0
652.0,z2,Floor,4,1,Carpenter,651.0
653.0,z2,Interior Walls,4,1,Painter,652.0
654.0,z2,Structural Foundation,1,2,VVS,653.0
655.0,z2,Piping,8,3,Painter,654.0
656.0,z2,Sewage,3,1,Painter,655.0
657.0,z2,Electricity,9,3,Carpenter,656.0
658.0,z2,Electricity,1,2,Carpenter,657.0
659.0,z2,Gypsum,2,2,Carpenter,658.0
660.0,z2,Sewage,2,2,Electrician,659.0
661.0,z2,Structural Walls,8,2,Painter,660.0
662.0,z2,Sewage,5,2,Carpenter,661.0
663.0,z2,Floor,3,3,Concrete,662.0
664.0,z2,Electricity,5,2,Carpenter,663.0
665.0,z2,Sewage,1,2,Painter,664.0
666.0,z2,Piping,4,3,VVS,665.0
667.0,z2,Interior Walls,3,3,Concrete,666.0
668.0,z2,Gypsum,7,1,VVS,667.0
669.0,z2,Interior Walls,3,2,Concrete,668.0
670.0,z2,Gypsum,9,1,Concrete,669.0
671.0,z2,Piping,5,2,VVS,670.0
672.0,z2,Floor,9,1,Concrete,671.0
673.0,z2,Structural Walls,6,3,Electrician,672.0
674.0,z2,Structural Walls,1,2,Electrician,673.0
675.0,z2,Interior Walls,6,2,Concrete,674.0
676.0,z2,Gypsum,3,3,Electrician,675.0
677.0,z2,Sewage,8,2,VVS,676.0
678.0,z2,Gypsum,5,3,Concrete,677.0
679.0,z2,Structural Foundation,3,3,VVS,678.0
680.0,z2,Piping,9,2,Painter,679.0
681.0,z2,Electricity,7,3,Painter,680.0
682.0,z2,Gypsum,9,1,Electrician,681.0
683.0,z2,Structural Foundation,4,2,Concrete,682.0
684.0,z2,Floor,7,1,Electrician,683.0
685.0,z2,Gypsum,6,3,Concrete,684.0
686.0,z2,Interior Walls,9,2,Electrician,685.0
687.0,z2,Interior Walls,1,3,Electrician,686.0
688.0,z2,Interior Walls,4,1,Concrete,687.0
689.0,z2,Structural Walls,2,3,Electrician,688.0
690.0,z2,Sewage,4,1,Painter,689.0
691.0,z2,Structural Foundation,8,1,Electrician,690.0
692.0,z2,Structural Walls,2,1,Concrete,691.0
693.0,z2,Sewage,9,1,Concrete,692.0
694.0,z2,Sewage,4,2,Painter,693.0
695.0,z2,Structural Foundation,5,2,Concrete,694.0
696.0,z2,Structural Foundation,6,2,Painter,695.0
697.0,z2,Structural Walls,9,1,Carpenter,696.0
698.0,z2,Piping,6,1,Carpenter,697.0
699.0,z2,Electricity,4,3,Carpenter,698.0
700.0,z2,Gypsum,7,2,Carpenter,699.0
701.0,z2,Gypsum,2,2,VVS,700.0
702.0,z2,Sewage,1,3,Carpenter,701.0
703.0,z2,Floor,3,3,Electrician,702.0
704.0,z2,Piping,3,3,Concrete,703.0
705.0,z2,Floor,1,3,Carpenter,704.0
706.0,z2,Gypsum,8,1,Concrete,705.0
707.0,z2,Sewage,2,3,VVS,706.0
708.0,z2,Piping,9,1,Carpenter,707.0
709.0,z2,Structural Walls,4,1,Carpenter,708.0
710.0,z2,Floor,4,3,VVS,709.0
711.0,z2,Electricity,6,3,Concrete,710.0
712.0,z2,Piping,7,2,Electrician,711.0
713.0,z2,Structural Foundation,6,3,Electrician,712.0
714.0,z2,Interior Walls,7,3,Concrete,713.0
715.0,z2,Electricity,1,3,Carpenter,714.0
716.0,z2,Interior Walls,6,3,Painter,715.0
717.0,z2,Electricity,3,1,Painter,716.0
718.0,z2,Gypsum,4,3,VVS,717.0
719.0,z2,Gypsum,5,1,Electrician,718.0
720.0,z2,Structural Foundation,6,1,Electrician,719.0
721.0,z2,Electricity,2,3,Carpenter,720.0
722.0,z2,Floor,3,3,Concrete,721.0
723.0,z2,Floor,3,1,Carpenter,722.0
724.0,z2,Electricity,4,2,Painter,723.0
725.0,z2,Interior Walls,7,1,Painter,724.0
726.0,z2,Floor,5,2,Electrician,725.0
727.0,z2,Piping,8,1,Painter,726.0
728.0,z2,Electricity,9,3,Carpenter,727.0
729.0,z2,Piping,7,3,Painter,728.0
730.0,z2,Floor,6,3,Electrician,729.0
731.0,z2,Structural Walls,1,2,Concrete,730.0
732.0,z2,Structural Foundation,6,2,VVS,731.0
733.0,z2,Gypsum,8,1,Painter,732.0
734.0,z2,Electricity,9,3,Carpenter,733.0
735.0,z2,Floor,7,2,Carpenter,734.0
736.0,z2,Structural Foundation,1,1,Electrician,735.0
737.0,z2,Structural Foundation,6,3,Concrete,736.0
738.0,z2,Structural Walls,7,1,Electrician,737.0
739.0,z2,Sewage,8,2,Painter,738.0
740.0,z2,Structural Walls,1,3,Carpenter,739.0
741.0,z2,Structural Walls,9,1,Concrete,740.0
742.0,z2,Floor,9,3,Electrician,741.0
743.0,z2,Piping,9,3,Carpenter,742.0
744.0,z2,Interior Walls,1,3,VVS,743.0
745.0,z2,Piping,9,3,Concrete,744.0
746.0,z2,Sewage,8,2,Electrician,745.0
747.0,z2,Piping,1,3,Painter,746.0
748.0,z2,Electricity,3,1,VVS,747.0
749.0,z2,Floor,3,1,Electrician,748.0
750.0,z2,Electricity,6,3,Carpenter,749.0
751.0,z2,Sewage,9,3,Carpenter,750.0
752.0,z2,Structural Walls,6,1,Concrete,751.0
753.0,z2,Sewage,7,2,Painter,752.0
754.0,z2,Sewage,8,2,VVS,753.0
755.0,z2,Interior Walls,7,2,Electrician,754.0
756.0,z2,Sewage,2,1,Carpenter,755.0
757.0,z2,Structural Foundation,7,3,Carpenter,756.0
758.0,z2,Interior Walls,1,1,Painter,757.0
759.0,z2,Electricity,4,2,Concrete,758.0
760.0,z2,Structural Foundation,4,2,Concrete,759.0
761.0,z2,Structural Walls,1,2,VVS,760.0
762.0,z2,Structural Walls,8,2,VVS,761.0
763.0,z2,Structural Walls,6,3,Painter,762.0
764.0,z2,Interior Walls,9,2,Concrete,763.0
765.0,z2,Structural Foundation,4,1,Carpenter,764.0
766.0,z2,Electricity,7,2,Carpenter,765.0
767.0,z2,Gypsum,7,2,Electrician,766.0
768.0,z2,Structural Foundation,6,2,Carpenter,767.0
769.0,z2,Sewage,9,3,Concrete,768.0
770.0,z2,Structural Foundation,7,2,VVS,769.0
771.0,z2,Structural Foundation,3,3,Concrete,770.0
772.0,z2,Gypsum,2,2,VVS,771.0
773.0,z2,Piping,7,2,VVS,772.0
774.0,z2,Piping,2,3,VVS,773.0
775.0,z2,Electricity,8,3,Concrete,774.0
776.0,z2,Electricity,1,2,Carpenter,775.0
777.0,z2,Structural Walls,6,2,Carpenter,776.0
778.0,z2,Interior Walls,8,1,Electrician,777.0
779.0,z2,Piping,5,2,VVS,778.0
780.0,z2,Electricity,2,3,Electrician,779.0
781.0,z2,Electricity,2,3,Concrete,780.0
782.0,z2,Floor,5,2,Painter,781.0
783.0,z2,Interior Walls,1,2,Carpenter,782.0
784.0,z2,Gypsum,4,2,Carpenter,783.0
785.0,z2,Structural Walls,6,3,Painter,784.0
786.0,z2,Interior Walls,5,3,Electrician,785.0
787.0,z2,Floor,8,2,Concrete,786.0
788.0,z2,Floor,3,2,Concrete,787.0
789.0,z2,Piping,7,1,VVS,788.0
790.0,z2,Floor,3,2,VVS,789.0
791.0,z2,Gypsum,1,3,VVS,790.0
792.0,z2,Structural Foundation,5,2,Carpenter,791.0
793.0,z2,Electricity,7,3,Concrete,792.0
794.0,z2,Piping,8,2,Electrician,793.0
795.0,z2,Structural Foundation,4,2,Electrician,794.0
796.0,z2,Piping,2,3,Carpenter,795.0
797.0,z2,Piping,5,1,Painter,796.0
798.0,z2,Sewage,2,1,Painter,797.0
799.0,z2,Floor,1,1,Concrete,798.0
800.0,z2,Interior Walls,8,3,Carpenter,799.0
801.0,z2,Electricity,7,1,VVS,800.0
802.0,z2,Floor,2,1,Concrete,801.0
803.0,z2,Structural Foundation,6,3,Painter,802.0
804.0,z2,Floor,5,2,VVS,803.0
805.0,z2,Interior Walls,2,3,Carpenter,804.0
806.0,z2,Interior Walls,9,1,Concrete,805.0
807.0,z2,Sewage,3,3,VVS,806.0
808.0,z2,Structural Walls,9,3,Electrician,807.0
809.0,z2,Gypsum,7,2,VVS,808.0
810.0,z2,Gypsum,5,3,VVS,809.0
811.0,z2,Structural Walls,6,2,Painter,810.0
812.0,z2,Structural Foundation,3,1,VVS,811.0
813.0,z2,Floor,1,1,Painter,812.0
814.0,z2,Interior Walls,8,3,VVS,813.0
815.0,z2,Interior Walls,9,2,Carpenter,814.0
816.0,z2,Gypsum,1,3,Painter,815.0
817.0,z2,Interior Walls,6,2,Electrician,816.0
818.0,z2,Piping,9,3,Painter,817.0
819.0,z2,Gypsum,9,3,Painter,818.0
820.0,z2,Structural Walls,4,1,Carpenter,819.0
821.0,z2,Electricity,9,2,Electrician,820.0
822.0,z2,Sewage,5,3,Painter,821.0
823.0,z2,Sewage,6,1,Concrete,822.0
824.0,z2,Floor,4,2,Carpenter,823.0
825.0,z2,Structural Foundation,3,2,Painter,824.0
826.0,z2,Gypsum,6,3,Painter,825.0
827.0,z2,Piping,8,2,Painter,826.0
828.0,z2,Interior Walls,9,2,Electrician,827.0
829.0,z2,Interior Walls,3,1,Concrete,828.0
830.0,z2,Structural Foundation,6,2,Carpenter,829.0
831.0,z2,Structural Walls,7,1,VVS,830.0
832.0,z2,Gypsum,3,3,VVS,831.0
833.0,z2,Structural Foundation,9,1,Painter,832.0
834.0,z2,Structural Foundation,2,3,Electrician,833.0
835.0,z2,Electricity,5,2,Carpenter,834.0
836.0,z2,Floor,6,1,VVS,835.0
837.0,z2,Structural Walls,5,2,Electrician,836.0
838.0,z2,Structural Walls,4,2,Concrete,837.0
839.0,z2,Floor,8,3,VVS,838.0
840.0,z2,Sewage,7,2,Concrete,839.0
841.0,z2,Structural Foundation,2,3,Painter,840.0
842.0,z2,Floor,4,1,Concrete,841.0
843.0,z2,Structural Walls,8,2,Carpenter,842.0
844.0,z2,Sewage,4,3,Electrician,843.0
845.0,z2,Gypsum,3,1,VVS,844.0
846.0,z2,Floor,8,2,Carpenter,845.0
847.0,z2,Structural Walls,5,2,Painter,846.0
848.0,z2,Structural Walls,1,3,VVS,847.0
849.0,z2,Interior Walls,2,1,Carpenter,848.0
850.0,z2,Structural Walls,7,1,Electrician,849.0
851.0,z2,Structural Walls,9,1,Concrete,850.0
852.0,z2,Gypsum,2,3,Carpenter,851.0
853.0,z2,Interior Walls,1,1,Carpenter,852.0
854.0,z2,Piping,5,2,Painter,853.0
855.0,z2,Floor,6,3,Painter,854.0
856.0,z2,Structural Walls,1,2,Electrician,855.0
857.0,z2,Sewage,5,2,Painter,856.0
858.0,z2,Floor,7,2,VVS,857.0
859.0,z2,Floor,2,2,Electrician,858.0
860.0,z2,Interior Walls,7,1,Concrete,859.0
861.0,z2,Sewage,3,2,Painter,860.0
862.0,z2,Floor,9,3,Carpenter,861.0
863.0,z2,Sewage,2,1,VVS,862.0
864.0,z2,Structural Walls,5,3,VVS,863.0
865.0,z2,Piping,7,2,Painter,864.0
866.0,z2,Structural Foundation,3,1,VVS,865.0
867.0,z2,Structural Walls,1,1,Electrician,866.0
868.0,z2,Interior Walls,2,3,Electrician,867.0
869.0,z2,Structural Walls,7,1,Concrete,868.0
870.0,z2,Structural Foundation,9,1,Concrete,869.0
871.0,z2,Piping,9,2,Painter,870.0
872.0,z2,Electricity,4,1,Electrician,871.0
873.0,z2,Electricity,4,3,Carpenter,872.0
874.0,z2,Interior Walls,8,2,Carpenter,873.0
875.0,z2,Floor,4,2,Electrician,874.0
876.0,z2,Structural Walls,5,2,Carpenter,875.0
877.0,z2,Sewage,1,1,Concrete,876.0
878.0,z2,Electricity,6,1,Carpenter,877.0
879.0,z2,Structural Foundation,1,2,Concrete,878.0
880.0,z2,Structural Foundation,1,3,VVS,879.0
881.0,z2,Floor,9,1,Painter,880.0
882.0,z2,Interior Walls,7,1,Carpenter,881.0
883.0,z2,Electricity,6,3,VVS,882.0
884.0,z2,Piping,2,1,VVS,883.0
885.0,z2,Piping,2,3,Carpenter,884.0
886.0,z2,Sewage,9,1,Carpenter,885.0
887.0,z2,Interior Walls,9,2,Painter,886.0
888.0,z2,Gypsum,2,2,Carpenter,887.0
889.0,z2,Sewage,6,2,Concrete,888.0
890.0,z2,Gypsum,6,1,Carpenter,889.0
891.0,z2,Piping,5,2,Carpenter,890.0
892.0,z2,Floor,5,3,Painter,891.0
893.0,z2,Sewage,9,2,Concrete,892.0
894.0,z2,Structural Foundation,2,2,VVS,893.0
895.0,z2,Piping,2,2,VVS,894.0
896.0,z2,Electricity,8,1,VVS,895.0
897.0,z2,Sewage,9,1,Concrete,896.0
898.0,z2,Sewage,8,1,VVS,897.0
899.0,z2,Gypsum,6,1,Painter,898.0
900.0,z3,Sewage,5,1,Carpenter,899.0
901.0,z3,Electricity,5,3,VVS,900.0
902.0,z3,Gypsum,7,3,Painter,901.0
903.0,z3,Piping,6,2,Electrician,902.0
904.0,z3,Piping,8,3,Painter,903.0
905.0,z3,Interior Walls,2,3,Painter,904.0
906.0,z3,Structural Walls,3,2,VVS,905.0
907.0,z3,Floor,4,1,Electrician,906.0
908.0,z3,Electricity,7,2,Painter,907.0
909.0,z3,Interior Walls,9,1,Concrete,908.0
910.0,z3,Floor,7,2,VVS,909.0
911.0,z3,Interior Walls,2,3,VVS,910.0
912.0,z3,Sewage,1,1,Concrete,911.0
913.0,z3,Sewage,4,1,Electrician,912.0
914.0,z3,Sewage,7,2,Carpenter,913.0
915.0,z3,Gypsum,1,3,VVS,914.0
916.0,z3,Piping,2,3,Painter,915.0
917.0,z3,Structural Walls,6,2,Carpenter,916.0
918.0,z3,Sewage,1,3,Concrete,917.0
919.0,z3,Floor,4,2,Concrete,918.0
920.0,z3,Structural Walls,5,3,Concrete,919.0
921.0,z3,Interior Walls,1,2,Electrician,920.0
922.0,z3,Structural Walls,7,1,Painter,921.0
923.0,z3,Piping,9,2,Concrete,922.0
924.0,z3,Interior Walls,2,2,Concrete,923.0
925.0,z3,Floor,7,2,VVS,924.0
926.0,z3,Interior Walls,1,1,Painter,925.0
927.0,z3,Structural Walls,3,3,Electrician,926.0
928.0,z3,Interior Walls,7,2,Painter,927.0
929.0,z3,Structural Walls,2,3,Painter,928.0
930.0,z3,Structural Foundation,8,2,Painter,929.0
931.0,z3,Sewage,7,3,Painter,930.0
932.0,z3,Structural Walls,1,1,Electrician,931.0
933.0,z3,Piping,7,2,Electrician,932.0
934.0,z3,Structural Foundation,3,1,Carpenter,933.0
935.0,z3,Structural Walls,8,2,Carpenter,934.0
936.0,z3,Piping,8,2,Electrician,935.0
937.0,z3,Gypsum,7,2,Carpenter,936.0
938.0,z3,Interior Walls,2,1,Carpenter,937.0
939.0,z3,Sewage,7,2,Carpenter,938.0
940.0,z3,Piping,7,1,VVS,939.0
941.0,z3,Gypsum,7,1,Painter,940.0
942.0,z3,Gypsum,6,3,Electrician,941.0
943.0,z3,Interior Walls,2,1,Electrician,942.0
944.0,z3,Structural Foundation,8,1,Concrete,943.0
945.0,z3,Electricity,2,3,Painter,944.0
946.0,z3,Floor,1,1,Carpenter,945.0
947.0,z3,Electricity,4,3,Concrete,946.0
948.0,z3,Electricity,9,3,Painter,947.0
949.0,z3,Electricity,7,3,Concrete,948.0
950.0,z3,Electricity,1,3,Carpenter,949.0
951.0,z3,Electricity,3,3,Electrician,950.0
952.0,z3,Piping,6,3,Concrete,951.0
953.0,z3,Interior Walls,4,3,Painter,952.0
954.0,z3,Floor,4,1,Concrete,953.0
955.0,z3,Gypsum,9,2,Carpenter,954.0
956.0,z3,Structural Foundation,4,1,Carpenter,955.0
957.0,z3,Piping,8,3,Electrician,956.0
958.0,z3,Piping,7,2,Painter,957.0
959.0,z3,Floor,3,1,VVS,958.0
960.0,z3,Structural Walls,2,2,Painter,959.0
961.0,z3,Gypsum,6,2,Painter,960.0
962.0,z3,Electricity,7,3,Carpenter,961.0
963.0,z3,Floor,9,2,Painter,962.0
964.0,z3,Gypsum,4,1,Concrete,963.0
965.0,z3,Gypsum,5,3,Carpenter,964.0
966.0,z3,Interior Walls,3,3,Electrician,965.0
967.0,z3,Structural Foundation,3,2,Carpenter,966.0
968.0,z3,Structural Walls,4,1,Concrete,967.0
969.0,z3,Gypsum,5,2,Electrician,968.0
970.0,z3,Structural Walls,1,2,Concrete,969.0
971.0,z3,Piping,5,2,Concrete,970.0
972.0,z3,Electricity,3,3,VVS,971.0
973.0,z3,Piping,4,3,VVS,972.0
974.0,z3,Structural Foundation,1,3,Electrician,973.0
975.0,z3,Floor,5,3,Concrete,974.0
976.0,z3,Floor,7,2,Carpenter,975.0
977.0,z3,Floor,8,3,VVS,976.0
978.0,z3,Electricity,9,3,VVS,977.0
979.0,z3,Piping,3,3,Electrician,978.0
980.0,z3,Gypsum,7,3,VVS,979.0
981.0,z3,Piping,4,2,VVS,980.0
982.0,z3,Electricity,8,2,Painter,981.0
983.0,z3,Sewage,4,1,Concrete,982.0
984.0,z3,Floor,9,3,Electrician,983.0
985.0,z3,Structural Walls,5,2,Carpenter,984.0
986.0,z3,Piping,9,3,Concrete,985.0
987.0,z3,Structural Walls,4,1,Concrete,986.0
988.0,z3,Electricity,8,3,Painter,987.0
989.0,z3,Gypsum,4,1,Electrician,988.0
990.0,z3,Floor,4,1,Concrete,989.0
991.0,z3,Structural Walls,1,2,Carpenter,990.0
992.0,z3,Floor,3,3,Concrete,991.0
993.0,z3,Floor,1,1,VVS,992.0
994.0,z3,Structural Foundation,2,2,Electrician,993.0
995.0,z3,Gypsum,8,1,Concrete,994.0
996.0,z3,Interior Walls,4,3,VVS,995.0
997.0,z3,Structural Foundation,9,2,Carpenter,996.0
998.0,z3,Floor,6,2,Concrete,997.0
999.0,z3,Gypsum,9,3,VVS,998.0
1000.0,z3,Sewage,6,1,Carpenter,999.0
1001.0,z3,Piping,7,3,Painter,1000.0
1002.0,z3,Piping,8,2,Concrete,1001.0
1003.0,z3,Gypsum,4,1,Electrician,1002.0
1004.0,z3,Sewage,8,2,Carpenter,1003.0
1005.0,z3,Interior Walls,4,2,Carpenter,1004.0
1006.0,z3,Electricity,8,2,VVS,1005.0
1007.0,z3,Floor,5,1,Electrician,1006.0
1008.0,z3,Interior Walls,9,3,Electrician,1007.0
1009.0,z3,Interior Walls,8,2,Electrician,1008.0
1010.0,z3,Floor,3,3,Concrete,1009.0
1011.0,z3,Structural Walls,8,2,VVS,1010.0
1012.0,z3,Floor,2,2,Electrician,1011.0
1013.0,z3,Gypsum,9,3,Carpenter,1012.0
1014.0,z3,Piping,1,1,Painter,1013.0
1015.0,z3,Floor,7,1,Concrete,1014.0
1016.0,z3,Floor,3,1,Painter,1015.0
1017.0,z3,Gypsum,8,3,Painter,1016.0
1018.0,z3,Structural Walls,9,1,Electrician,1017.0
1019.0,z3,Structural Foundation,4,2,Carpenter,1018.0
1020.0,z3,Floor,4,3,Electrician,1019.0
1021.0,z3,Gypsum,5,1,VVS,1020.0
1022.0,z3,Gypsum,1,1,Painter,1021.0
1023.0,z3,Gypsum,7,1,Electrician,1022.0
1024.0,z3,Piping,4,1,Electrician,1023.0
1025.0,z3,Electricity,7,3,Painter,1024.0
1026.0,z3,Sewage,9,1,VVS,1025.0
1027.0,z3,Piping,1,3,Concrete,1026.0
1028.0,z3,Electricity,2,1,Concrete,1027.0
1029.0,z3,Gypsum,7,3,Painter,1028.0
1030.0,z3,Structural Walls,1,1,Concrete,1029.0
1031.0,z3,Structural Foundation,7,3,VVS,1030.0
1032.0,z3,Piping,1,1,Concrete,1031.0
1033.0,z3,Structural Walls,8,2,Electrician,1032.0
1034.0,z3,Interior Walls,5,1,Carpenter,1033.0
1035.0,z3,Electricity,6,1,Concrete,1034.0
1036.0,z3,Structural Walls,8,1,Concrete,1035.0
1037.0,z3,Structural Walls,1,3,Carpenter,1036.0
1038.0,z3,Sewage,7,1,Painter,1037.0
1039.0,z3,Floor,1,2,VVS,1038.0
1040.0,z3,Electricity,9,3,Carpenter,1039.0
1041.0,z3,Interior Walls,7,3,Carpenter,1040.0
1042.0,z3,Piping,6,2,Painter,1041.0
1043.0,z3,Sewage,5,2,Electrician,1042.0
1044.0,z3,Interior Walls,6,1,Concrete,1043.0
1045.0,z3,Interior Walls,9,1,Painter,1044.0
1046.0,z3,Interior Walls,3,2,Carpenter,1045.0
1047.0,z3,Sewage,3,1,Painter,1046.0
1048.0,z3,Sewage,2,3,Carpenter,1047.0
1049.0,z3,Electricity,5,1,VVS,1048.0
1050.0,z3,Gypsum,7,1,Concrete,1049.0
1051.0,z3,Gypsum,5,2,Concrete,1050.0
1052.0,z3,Interior Walls,7,3,Electrician,1051.0
1053.0,z3,Floor,9,2,Painter,1052.0
1054.0,z3,Interior Walls,2,3,Painter,1053.0
1055.0,z3,Structural Foundation,6,2,Electrician,1054.0
1056.0,z3,Electricity,5,3,Concrete,1055.0
1057.0,z3,Floor,5,2,Painter,1056.0
1058.0,z3,Interior Walls,3,1,VVS,1057.0
1059.0,z3,Floor,7,2,VVS,1058.0
1060.0,z3,Electricity,7,1,Painter,1059.0
1061.0,z3,Interior Walls,9,3,Carpenter,1060.0
1062.0,z3,Structural Foundation,2,2,Concrete,1061.0
1063.0,z3,Structural Foundation,3,1,VVS,1062.0
1064.0,z3,Structural Walls,3,3,Electrician,1063.0
1065.0,z3,Structural Walls,5,3,Concrete,1064.0
1066.0,z3,Sewage,6,3,Carpenter,1065.0
1067.0,z3,Structural Walls,3,3,Electrician,1066.0
1068.0,z3,Piping,8,2,VVS,1067.0
1069.0,z3,Piping,3,2,VVS,1068.0
1070.0,z3,Structural Walls,7,2,Carpenter,1069.0
1071.0,z3,Structural Walls,4,2,Electrician,1070.0
1072.0,z3,Structural Walls,6,2,Carpenter,1071.0
1073.0,z3,Interior Walls,5,3,Carpenter,1072.0
1074.0,z3,Gypsum,9,3,Painter,1073.0
1075.0,z3,Piping,2,1,Carpenter,1074.0
1076.0,z3,Piping,8,1,Carpenter,1075.0
1077.0,z3,Sewage,5,1,Concrete,1076.0
1078.0,z3,Floor,5,2,VVS,1077.0
1079.0,z3,Structural Foundation,7,2,Painter,1078.0
1080.0,z3,Interior Walls,9,3,VVS,1079.0
1081.0,z3,Interior Walls,6,1,Concrete,1080.0
1082.0,z3,Floor,5,1,Electrician,1081.0
1083.0,z3,Electricity,4,3,Carpenter,1082.0
1084.0,z3,Gypsum,9,1,VVS,1083.0
1085.0,z3,Interior Walls,1,1,Painter,1084.0
1086.0,z3,Floor,5,2,Concrete,1085.0
1087.0,z3,Electricity,4,3,VVS,1086.0
1088.0,z3,Interior Walls,9,3,Carpenter,1087.0
1089.0,z3,Sewage,2,3,Carpenter,1088.0
1090.0,z3,Floor,2,1,Electrician,1089.0
1091.0,z3,Structural Foundation,8,1,Carpenter,1090.0
1092.0,z3,Sewage,6,1,Concrete,1091.0
1093.0,z3,Gypsum,5,2,Painter,1092.0
1094.0,z3,Sewage,8,2,Concrete,1093.0
1095.0,z3,Electricity,2,3,Concrete,1094.0
1096.0,z3,Electricity,3,3,VVS,1095.0
1097.0,z3,Piping,3,3,Concrete,1096.0
1098.0,z3,Piping,8,1,Electrician,1097.0
1099.0,z3,Floor,3,3,VVS,1098.0
1100.0,z3,Interior Walls,5,2,VVS,1099.0
1101.0,z3,Floor,8,3,Painter,1100.0
1102.0,z3,Electricity,9,3,Painter,1101.0
1103.0,z3,Sewage,8,1,VVS,1102.0
1104.0,z3,Piping,1,2,Electrician,1103.0
1105.0,z3,Structural Foundation,7,3,Painter,1104.0
1106.0,z3,Interior Walls,1,3,Concrete,1105.0
1107.0,z3,Floor,1,2,Concrete,1106.0
1108.0,z3,Interior Walls,2,2,VVS,1107.0
1109.0,z3,Structural Walls,6,2,Electrician,1108.0
1110.0,z3,Structural Foundation,2,1,Electrician,1109.0
1111.0,z3,Interior Walls,7,2,Carpenter,1110.0
1112.0,z3,Piping,8,3,Painter,1111.0
1113.0,z3,Structural Foundation,5,1,Painter,1112.0
1114.0,z3,Piping,7,3,Concrete,1113.0
1115.0,z3,Interior Walls,5,3,Electrician,1114.0
1116.0,z3,Structural Walls,5,3,Carpenter,1115.0
1117.0,z3,Gypsum,7,2,Carpenter,1116.0
1118.0,z3,Interior Walls,2,2,VVS,1117.0
1119.0,z3,Floor,4,1,Electrician,1118.0
1120.0,z3,Floor,9,3,VVS,1119.0
1121.0,z3,Piping,8,3,Concrete,1120.0
1122.0,z3,Electricity,6,3,Electrician,1121.0
1123.0,z3,Sewage,9,1,Electrician,1122.0
1124.0,z3,Piping,5,2,Painter,1123.0
1125.0,z3,Structural Walls,4,1,Painter,1124.0
1126.0,z3,Electricity,7,2,Concrete,1125.0
1127.0,z3,Floor,2,2,Electrician,1126.0
1128.0,z3,Gypsum,9,1,VVS,1127.0
1129.0,z3,Structural Foundation,3,3,Painter,1128.0
1130.0,z3,Piping,2,3,Electrician,1129.0
1131.0,z3,Electricity,6,3,Painter,1130.0
1132.0,z3,Sewage,5,1,Electrician,1131.0
1133.0,z3,Sewage,3,1,Concrete,1132.0
1134.0,z3,Structural Foundation,6,3,VVS,1133.0
1135.0,z3,Sewage,3,1,Electrician,1134.0
1136.0,z3,Sewage,6,1,VVS,1135.0
1137.0,z3,Piping,2,1,Carpenter,1136.0
1138.0,z3,Structural Walls,3,2,Concrete,1137.0
1139.0,z3,Floor,6,1,VVS,1138.0
1140.0,z3,Piping,5,3,Concrete,1139.0
1141.0,z3,Structural Walls,9,3,Painter,1140.0
1142.0,z3,Structural Walls,7,2,Carpenter,1141.0
1143.0,z3,Electricity,7,3,Electrician,1142.0
1144.0,z3,Gypsum,6,1,Electrician,1143.0
1145.0,z3,Interior Walls,6,3,Carpenter,1144.0
1146.0,z3,Floor,3,1,Carpenter,1145.0
1147.0,z3,Electricity,4,1,Carpenter,1146.0
1148.0,z3,Structural Walls,2,3,Carpenter,1147.0
1149.0,z3,Structural Walls,6,3,Carpenter,1148.0
1150.0,z3,Floor,4,3,VVS,1149.0
1151.0,z3,Structural Walls,3,2,Concrete,1150.0
1152.0,z3,Interior Walls,1,1,VVS,1151.0
1153.0,z3,Sewage,6,3,Concrete,1152.0
1154.0,z3,Floor,9,2,Concrete,1153.0
1155.0,z3,Structural Foundation,3,1,VVS,1154.0
1156.0,z3,Piping,8,1,Electrician,1155.0
1157.0,z3,Electricity,8,1,Electrician,1156.0
1158.0,z3,Gypsum,7,3,Concrete,1157.0
1159.0,z3,Structural Walls,9,2,Electrician,1158.0
1160.0,z3,Electricity,9,1,Carpenter,1159.0
1161.0,z3,Structural Foundation,2,3,Carpenter,1160.0
1162.0,z3,Piping,1,1,Painter,1161.0
1163.0,z3,Piping,2,3,Concrete,1162.0
1164.0,z3,Piping,7,1,VVS,1163.0
1165.0,z3,Gypsum,1,1,Concrete,1164.0
1166.0,z3,Structural Walls,8,2,Carpenter,1165.0
1167.0,z3,Electricity,1,3,Carpenter,1166.0
1168.0,z3,Piping,5,1,Carpenter,1167.0
1169.0,z3,Piping,7,2,Carpenter,1168.0
1170.0,z3,Structural Foundation,6,1,Painter,1169.0
1171.0,z3,Sewage,4,3,Carpenter,1170.0
1172.0,z3,Floor,7,3,Carpenter,1171.0
1173.0,z3,Electricity,1,2,Concrete,1172.0
1174.0,z3,Floor,3,3,Concrete,1173.0
1175.0,z3,Floor,3,3,Painter,1174.0
1176.0,z3,Sewage,6,3,Electrician,1175.0
1177.0,z3,Structural Walls,4,2,VVS,1176.0
1178.0,z3,Structural Foundation,4,3,Concrete,1177.0
1179.0,z3,Floor,8,3,Carpenter,1178.0
1180.0,z3,Piping,9,2,Electrician,1179.0
1181.0,z3,Electricity,6,2,VVS,1180.0
1182.0,z3,Interior Walls,7,2,Electrician,1181.0
1183.0,z3,Piping,3,3,Painter,1182.0
1184.0,z3,Structural Foundation,6,3,VVS,1183.0
1185.0,z3,Interior Walls,9,1,Electrician,1184.0
1186.0,z3,Floor,6,1,Concrete,1185.0
1187.0,z3,Electricity,8,2,VVS,1186.0
1188.0,z3,Interior Walls,8,1,VVS,1187.0
1189.0,z3,Interior Walls,8,2,Painter,1188.0
1190.0,z3,Floor,6,1,Electrician,1189.0
1191.0,z3,Sewage,2,1,Concrete,1190.0
1192.0,z3,Sewage,8,3,Painter,1191.0
1193.0,z3,Structural Foundation,3,3,Carpenter,1192.0
1194.0,z3,Structural Walls,6,2,Carpenter,1193.0
1195.0,z3,Floor,9,1,Concrete,1194.0
1196.0,z3,Electricity,2,1,Electrician,1195.0
1197.0,z3,Interior Walls,9,2,VVS,1196.0
1198.0,z3,Piping,5,1,VVS,1197.0
1199.0,z3,Structural Walls,7,3,Painter,1198.0
1200.0,z4,Piping,7,1,Concrete,1199.0
1201.0,z4,Gypsum,3,1,Electrician,1200.0
1202.0,z4,Interior Walls,4,3,Carpenter,1201.0
1203.0,z4,Sewage,5,1,Concrete,1202.0
1204.0,z4,Floor,3,2,Electrician,1203.0
1205.0,z4,Structural Foundation,1,1,Electrician,1204.0
1206.0,z4,Gypsum,2,1,Painter,1205.0
1207.0,z4,Piping,8,1,Concrete,1206.0
1208.0,z4,Piping,8,2,Painter,1207.0
1209.0,z4,Structural Walls,2,1,Electrician,1208.0
1210.0,z4,Structural Walls,6,1,Concrete,1209.0
1211.0,z4,Interior Walls,1,2,VVS,1210.0
1212.0,z4,Structural Walls,8,1,Electrician,1211.0
1213.0,z4,Structural Foundation,7,3,Concrete,1212.0
1214.0,z4,Electricity,5,1,Concrete,1213.0
1215.0,z4,Sewage,4,2,Concrete,1214.0
1216.0,z4,Interior Walls,5,2,Carpenter,1215.0
1217.0,z4,Structural Walls,7,3,Electrician,1216.0
1218.0,z4,Floor,9,3,Concrete,1217.0
1219.0,z4,Floor,3,3,VVS,1218.0
1220.0,z4,Floor,8,3,VVS,1219.0
1221.0,z4,Structural Foundation,8,2,Carpenter,1220.0
1222.0,z4,Floor,8,2,VVS,1221.0
1223.0,z4,Electricity,9,2,Painter,1222.0
1224.0,z4,Piping,6,2,Electrician,1223.0
1225.0,z4,Structural Walls,3,3,VVS,1224.0
1226.0,z4,Sewage,5,2,Concrete,1225.0
1227.0,z4,Structural Walls,8,3,Painter,1226.0
1228.0,z4,Structural Walls,8,2,VVS,1227.0
1229.0,z4,Structural Walls,5,1,VVS,1228.0
1230.0,z4,Sewage,9,1,Concrete,1229.0
1231.0,z4,Sewage,1,1,Carpenter,1230.0
1232.0,z4,Floor,8,2,Carpenter,1231.0
1233.0,z4,Structural Walls,6,1,Concrete,1232.0
1234.0,z4,Gypsum,8,2,VVS,1233.0
1235.0,z4,Interior Walls,2,3,Electrician,1234.0
1236.0,z4,Electricity,1,3,VVS,1235.0
1237.0,z4,Sewage,5,2,Carpenter,1236.0
1238.0,z4,Gypsum,4,2,Concrete,1237.0
1239.0,z4,Floor,5,3,Carpenter,1238.0
1240.0,z4,Structural Walls,3,2,VVS,1239.0
1241.0,z4,Interior Walls,9,1,Carpenter,1240.0
1242.0,z4,Floor,8,3,VVS,1241.0
1243.0,z4,Electricity,2,3,Painter,1242.0
1244.0,z4,Floor,8,2,Electrician,1243.0
1245.0,z4,Gypsum,6,1,Carpenter,1244.0
1246.0,z4,Floor,3,2,Concrete,1245.0
1247.0,z4,Gypsum,2,3,Electrician,1246.0
1248.0,z4,Interior Walls,2,3,VVS,1247.0
1249.0,z4,Interior Walls,3,1,Carpenter,1248.0
1250.0,z4,Structural Foundation,3,2,Electrician,1249.0
1251.0,z4,Gypsum,7,1,Carpenter,1250.0
1252.0,z4,Gypsum,2,1,VVS,1251.0
1253.0,z4,Interior Walls,2,1,Electrician,1252.0
1254.0,z4,Structural Walls,2,1,Painter,1253.0
1255.0,z4,Sewage,7,1,VVS,1254.0
1256.0,z4,Structural Foundation,8,1,Carpenter,1255.0
1257.0,z4,Gypsum,4,3,Concrete,1256.0
1258.0,z4,Gypsum,2,1,VVS,1257.0
1259.0,z4,Electricity,2,1,VVS,1258.0
1260.0,z4,Piping,8,1,Electrician,1259.0
1261.0,z4,Floor,7,3,Carpenter,1260.0
1262.0,z4,Sewage,5,1,Painter,1261.0
1263.0,z4,Structural Foundation,3,2,Electrician,1262.0
1264.0,z4,Electricity,8,3,VVS,1263.0
1265.0,z4,Structural Foundation,7,3,Electrician,1264.0
1266.0,z4,Interior Walls,5,3,Painter,1265.0
1267.0,z4,Electricity,5,3,Concrete,1266.0
1268.0,z4,Structural Walls,9,2,VVS,1267.0
1269.0,z4,Structural Walls,9,2,Carpenter,1268.0
1270.0,z4,Structural Foundation,6,2,Carpenter,1269.0
1271.0,z4,Floor,6,2,Painter,1270.0
1272.0,z4,Structural Walls,1,2,Carpenter,1271.0
1273.0,z4,Interior Walls,7,1,VVS,1272.0
1274.0,z4,Piping,2,1,Concrete,1273.0
1275.0,z4,Gypsum,2,3,VVS,1274.0
1276.0,z4,Structural Walls,7,2,Concrete,1275.0
1277.0,z4,Structural Walls,7,3,Concrete,1276.0
1278.0,z4,Structural Walls,3,2,Carpenter,1277.0
1279.0,z4,Floor,9,2,VVS,1278.0
1280.0,z4,Interior Walls,5,1,VVS,1279.0
1281.0,z4,Piping,4,2,VVS,1280.0
1282.0,z4,Piping,6,2,Carpenter,1281.0
1283.0,z4,Electricity,9,3,Electrician,1282.0
1284.0,z4,Floor,3,1,Carpenter,1283.0
1285.0,z4,Sewage,6,2,Painter,1284.0
1286.0,z4,Electricity,8,2,Carpenter,1285.0
1287.0,z4,Electricity,5,3,Painter,1286.0
1288.0,z4,Piping,1,2,Carpenter,1287.0
1289.0,z4,Electricity,9,3,Carpenter,1288.0
1290.0,z4,Floor,6,1,Electrician,1289.0
1291.0,z4,Interior Walls,5,1,Painter,1290.0
1292.0,z4,Sewage,2,3,VVS,1291.0
1293.0,z4,Structural Walls,7,2,Concrete,1292.0
1294.0,z4,Gypsum,8,3,VVS,1293.0
1295.0,z4,Gypsum,9,1,Carpenter,1294.0
1296.0,z4,Piping,2,1,VVS,1295.0
1297.0,z4,Structural Walls,8,3,Concrete,1296.0
1298.0,z4,Structural Walls,5,1,Carpenter,1297.0
1299.0,z4,Structural Foundation,4,2,Electrician,1298.0
1300.0,z4,Structural Walls,5,1,VVS,1299.0
1301.0,z4,Structural Foundation,6,1,VVS,1300.0
1302.0,z4,Structural Foundation,1,3,Painter,1301.0
1303.0,z4,Electricity,1,3,Painter,1302.0
1304.0,z4,Gypsum,7,3,Painter,1303.0
1305.0,z4,Sewage,4,3,Concrete,1304.0
1306.0,z4,Electricity,2,2,Concrete,1305.0
1307.0,z4,Structural Walls,6,1,Carpenter,1306.0
1308.0,z4,Piping,4,3,Carpenter,1307.0
1309.0,z4,Structural Foundation,9,2,Electrician,1308.0
1310.0,z4,Piping,9,1,Concrete,1309.0
1311.0,z4,Gypsum,5,2,Concrete,1310.0
1312.0,z4,Interior Walls,8,1,Electrician,1311.0
1313.0,z4,Interior Walls,2,3,Carpenter,1312.0
1314.0,z4,Floor,7,3,VVS,1313.0
1315.0,z4,Sewage,2,2,Electrician,1314.0
1316.0,z4,Interior Walls,1,3,Painter,1315.0
1317.0,z4,Floor,5,2,VVS,1316.0
1318.0,z4,Piping,8,2,Carpenter,1317.0
1319.0,z4,Structural Walls,3,3,VVS,1318.0
1320.0,z4,Gypsum,6,1,Concrete,1319.0
1321.0,z4,Structural Walls,1,3,Painter,1320.0
1322.0,z4,Piping,8,1,Painter,1321.0
1323.0,z4,Structural Walls,6,1,Electrician,1322.0
1324.0,z4,Piping,8,3,Carpenter,1323.0
1325.0,z4,Piping,7,2,Electrician,1324.0
1326.0,z4,Gypsum,1,3,Painter,1325.0
1327.0,z4,Piping,2,3,Carpenter,1326.0
1328.0,z4,Gypsum,1,1,Carpenter,1327.0
1329.0,z4,Sewage,5,1,Electrician,1328.0
1330.0,z4,Piping,3,3,Painter,1329.0
1331.0,z4,Structural Walls,7,2,Electrician,1330.0
1332.0,z4,Electricity,6,2,Concrete,1331.0
1333.0,z4,Floor,2,2,Concrete,1332.0
1334.0,z4,Floor,4,2,Concrete,1333.0
1335.0,z4,Structural Walls,4,2,Concrete,1334.0
1336.0,z4,Gypsum,4,2,Painter,1335.0
1337.0,z4,Floor,1,3,Electrician,1336.0
1338.0,z4,Electricity,9,3,Carpenter,1337.0
1339.0,z4,Electricity,8,1,VVS,1338.0
1340.0,z4,Structural Walls,4,1,Carpenter,1339.0
1341.0,z4,Gypsum,6,2,Electrician,1340.0
1342.0,z4,Structural Foundation,4,3,Carpenter,1341.0
1343.0,z4,Sewage,6,3,Carpenter,1342.0
1344.0,z4,Piping,7,2,Concrete,1343.0
1345.0,z4,Piping,9,1,VVS,1344.0
1346.0,z4,Sewage,1,2,Concrete,1345.0
1347.0,z4,Gypsum,2,2,Carpenter,1346.0
1348.0,z4,Structural Walls,2,3,VVS,1347.0
1349.0,z4,Piping,8,3,Electrician,1348.0
1350.0,z4,Sewage,7,3,VVS,1349.0
1351.0,z4,Structural Walls,3,1,Painter,1350.0
1352.0,z4,Structural Foundation,9,2,Carpenter,1351.0
1353.0,z4,Structural Walls,9,2,Painter,1352.0
1354.0,z4,Gypsum,6,2,Carpenter,1353.0
1355.0,z4,Piping,9,3,Carpenter,1354.0
1356.0,z4,Floor,6,2,VVS,1355.0
1357.0,z4,Electricity,8,3,Concrete,1356.0
1358.0,z4,Structural Foundation,7,1,Concrete,1357.0
1359.0,z4,Sewage,7,3,Concrete,1358.0
1360.0,z4,Piping,7,2,Painter,1359.0
1361.0,z4,Sewage,6,3,Electrician,1360.0
1362.0,z4,Piping,1,2,Concrete,1361.0
1363.0,z4,Interior Walls,5,1,Carpenter,1362.0
1364.0,z4,Piping,2,1,Painter,1363.0
1365.0,z4,Floor,6,1,Painter,1364.0
1366.0,z4,Interior Walls,9,1,Painter,1365.0
1367.0,z4,Floor,2,3,Carpenter,1366.0
1368.0,z4,Interior Walls,7,1,Carpenter,1367.0
1369.0,z4,Sewage,5,1,Concrete,1368.0
1370.0,z4,Structural Foundation,2,1,Painter,1369.0
1371.0,z4,Structural Walls,7,3,Painter,1370.0
1372.0,z4,Sewage,6,3,VVS,1371.0
1373.0,z4,Electricity,2,1,Concrete,1372.0
1374.0,z4,Structural Walls,9,3,Painter,1373.0
1375.0,z4,Piping,9,1,VVS,1374.0
1376.0,z4,Structural Walls,6,3,VVS,1375.0
1377.0,z4,Structural Walls,4,2,Electrician,1376.0
1378.0,z4,Sewage,8,2,Concrete,1377.0
1379.0,z4,Gypsum,4,2,Electrician,1378.0
1380.0,z4,Floor,7,2,VVS,1379.0
1381.0,z4,Gypsum,4,1,Electrician,1380.0
1382.0,z4,Electricity,5,1,Concrete,1381.0
1383.0,z4,Piping,4,1,Painter,1382.0
1384.0,z4,Floor,9,2,Concrete,1383.0
1385.0,z4,Electricity,5,3,Electrician,1384.0
1386.0,z4,Floor,6,3,Electrician,1385.0
1387.0,z4,Piping,3,3,Electrician,1386.0
1388.0,z4,Electricity,2,3,Concrete,1387.0
1389.0,z4,Sewage,7,1,Concrete,1388.0
1390.0,z4,Electricity,3,1,Carpenter,1389.0
1391.0,z4,Structural Walls,8,3,Carpenter,1390.0
1392.0,z4,Sewage,9,1,VVS,1391.0
1393.0,z4,Electricity,3,1,Electrician,1392.0
1394.0,z4,Interior Walls,4,1,Concrete,1393.0
1395.0,z4,Structural Walls,7,3,Electrician,1394.0
1396.0,z4,Sewage,3,2,Carpenter,1395.0
1397.0,z4,Sewage,8,3,Painter,1396.0
1398.0,z4,Floor,7,3,Electrician,1397.0
1399.0,z4,Structural Walls,5,1,VVS,1398.0
1400.0,z4,Sewage,2,2,VVS,1399.0
1401.0,z4,Structural Foundation,9,3,Concrete,1400.0
1402.0,z4,Floor,2,3,Carpenter,1401.0
1403.0,z4,Sewage,5,2,Electrician,1402.0
1404.0,z4,Interior Walls,4,1,VVS,1403.0
1405.0,z4,Sewage,2,1,Electrician,1404.0
1406.0,z4,Structural Foundation,6,1,Electrician,1405.0
1407.0,z4,Structural Foundation,7,3,VVS,1406.0
1408.0,z4,Gypsum,6,2,Electrician,1407.0
1409.0,z4,Structural Foundation,3,3,Carpenter,1408.0
1410.0,z4,Sewage,8,3,Painter,1409.0
1411.0,z4,Sewage,6,3,VVS,1410.0
1412.0,z4,Sewage,2,2,Concrete,1411.0
1413.0,z4,Structural Foundation,9,1,Carpenter,1412.0
1414.0,z4,Structural Walls,6,2,Electrician,1413.0
1415.0,z4,Gypsum,1,3,Electrician,1414.0
1416.0,z4,Floor,4,3,Concrete,1415.0
1417.0,z4,Structural Foundation,3,2,Electrician,1416.0
1418.0,z4,Gypsum,4,2,VVS,1417.0
1419.0,z4,Sewage,5,3,Painter,1418.0
1420.0,z4,Electricity,5,1,Painter,1419.0
1421.0,z4,Structural Walls,4,3,Carpenter,1420.0
1422.0,z4,Structural Walls,5,2,Painter,1421.0
1423.0,z4,Piping,1,2,Concrete,1422.0
1424.0,z4,Electricity,9,3,Painter,1423.0
1425.0,z4,Sewage,4,2,Painter,1424.0
1426.0,z4,Structural Foundation,6,1,Painter,1425.0
1427.0,z4,Sewage,8,2,VVS,1426.0
1428.0,z4,Electricity,6,3,Painter,1427.0
1429.0,z4,Sewage,6,1,Electrician,1428.0
1430.0,z4,Floor,8,1,VVS,1429.0
1431.0,z4,Interior Walls,5,3,Electrician,1430.0
1432.0,z4,Piping,8,2,Painter,1431.0
1433.0,z4,Electricity,9,1,VVS,1432.0
1434.0,z4,Structural Walls,5,3,VVS,1433.0
1435.0,z4,Interior Walls,9,2,VVS,1434.0
1436.0,z4,Interior Walls,3,2,Electrician,1435.0
1437.0,z4,Floor,4,1,Concrete,1436.0
1438.0,z4,Floor,9,1,Electrician,1437.0
1439.0,z4,Structural Walls,7,2,Carpenter,1438.0
1440.0,z4,Sewage,8,2,Painter,1439.0
1441.0,z4,Sewage,8,2,VVS,1440.0
1442.0,z4,Sewage,3,1,Electrician,1441.0
1443.0,z4,Floor,7,2,VVS,1442.0
1444.0,z4,Structural Foundation,1,1,VVS,1443.0
1445.0,z4,Structural Foundation,7,2,Painter,1444.0
1446.0,z4,Piping,3,2,Electrician,1445.0
1447.0,z4,Piping,4,3,Electrician,1446.0
1448.0,z4,Electricity,4,3,Carpenter,1447.0
1449.0,z4,Structural Foundation,4,1,Electrician,1448.0
1450.0,z4,Gypsum,6,3,Carpenter,1449.0
1451.0,z4,Floor,1,1,VVS,1450.0
1452.0,z4,Structural Foundation,6,3,Concrete,1451.0
1453.0,z4,Piping,2,1,Carpenter,1452.0
1454.0,z4,Interior Walls,4,2,Concrete,1453.0
1455.0,z4,Electricity,7,2,Carpenter,1454.0
1456.0,z4,Piping,5,2,VVS,1455.0
1457.0,z4,Structural Foundation,2,2,Electrician,1456.0
1458.0,z4,Structural Walls,4,3,Painter,1457.0
1459.0,z4,Piping,8,3,Electrician,1458.0
1460.0,z4,Electricity,5,2,Painter,1459.0
1461.0,z4,Sewage,9,1,Carpenter,1460.0
1462.0,z4,Floor,7,2,Painter,1461.0
1463.0,z4,Piping,1,2,Carpenter,1462.0
1464.0,z4,Interior Walls,7,1,Painter,1463.0
1465.0,z4,Piping,5,1,Carpenter,1464.0
1466.0,z4,Structural Walls,2,2,VVS,1465.0
1467.0,z4,Electricity,4,2,VVS,1466.0
1468.0,z4,Floor,6,3,Electrician,1467.0
1469.0,z4,Piping,6,3,Carpenter,1468.0
1470.0,z4,Electricity,2,1,Electrician,1469.0
1471.0,z4,Interior Walls,1,3,Carpenter,1470.0
1472.0,z4,Electricity,4,1,Electrician,1471.0
1473.0,z4,Floor,4,2,Electrician,1472.0
1474.0,z4,Piping,6,2,Electrician,1473.0
1475.0,z4,Gypsum,7,2,Electrician,1474.0
1476.0,z4,Floor,4,3,Painter,1475.0
1477.0,z4,Gypsum,8,3,Electrician,1476.0
1478.0,z4,Floor,5,2,Carpenter,1477.0
1479.0,z4,Interior Walls,9,1,Carpenter,1478.0
1480.0,z4,Sewage,3,2,Concrete,1479.0
1481.0,z4,Interior Walls,8,1,Electrician,1480.0
1482.0,z4,Electricity,8,3,Concrete,1481.0
1483.0,z4,Sewage,3,3,Electrician,1482.0
1484.0,z4,Gypsum,8,1,Concrete,1483.0
1485.0,z4,Floor,4,3,Electrician,1484.0
1486.0,z4,Structural Foundation,4,2,VVS,1485.0
1487.0,z4,Floor,5,2,VVS,1486.0
1488.0,z4,Structural Walls,1,1,VVS,1487.0
1489.0,z4,Interior Walls,9,3,Painter,1488.0
1490.0,z4,Structural Walls,9,3,Painter,1489.0
1491.0,z4,Structural Walls,7,1,Carpenter,1490.0
1492.0,z4,Electricity,9,1,Electrician,1491.0
1493.0,z4,Floor,3,2,VVS,1492.0
1494.0,z4,Sewage,2,3,Electrician,1493.0
1495.0,z4,Structural Foundation,4,1,Electrician,1494.0
1496.0,z4,Electricity,9,3,Carpenter,1495.0
1497.0,z4,Gypsum,1,2,Concrete,1496.0
1498.0,z4,Sewage,2,3,Painter,1497.0
1499.0,z4,Sewage,7,3,Concrete,1498.0
